<?xml version="1.0" encoding="UTF-8"?>
<project-private xmlns="http://www.netbeans.org/ns/project-private/1">
    <editor-bookmarks xmlns="http://www.netbeans.org/ns/editor-bookmarks/2" lastBookmarkId="0"/>
    <open-files xmlns="http://www.netbeans.org/ns/projectui-open-files/2">
        <group>
            <file>file:/B:/Projects/JAVA/GT_Clone/GT_Clone/src/view/StudentUI.java</file>
            <file>file:/B:/Projects/JAVA/GT_Clone/GT_Clone/src/view/log.java</file>
            <file>file:/B:/Projects/JAVA/GT_Clone/GT_Clone/src/hibernate.cfg.xml</file>
            <file>file:/B:/Projects/JAVA/GT_Clone/GT_Clone/src/model/ProductTable.java</file>
            <file>file:/B:/Projects/JAVA/GT_Clone/GT_Clone/src/model/Student_Table.java</file>
            <file>file:/B:/Projects/JAVA/GT_Clone/GT_Clone/src/view/ProductUI.java</file>
            <file>file:/B:/Projects/JAVA/GT_Clone/GT_Clone/src/view/HomeUI.java</file>
            <file>file:/B:/Projects/JAVA/GT_Clone/GT_Clone/src/dao/ProductDAO.java</file>
            <file>file:/B:/Projects/JAVA/GT_Clone/GT_Clone/src/dao/StudentDAO.java</file>
        </group>
    </open-files>
</project-private>
